{
  "ayothepizzahere": {
    "sounds": [
      {
        "name": "21sthumor:ayothepizzahere"
      }
    ],
    "subtitle": "subtitle.21sthumor.ayothepizzahere"
  },
  "bababooey": {
    "sounds": [
      {
        "name": "21sthumor:bababooey"
      }
    ],
    "subtitle": "subtitle.21sthumor.bababooey"
  },
  "bellbong": {
    "sounds": [
      {
        "name": "21sthumor:bellbong"
      }
    ],
    "subtitle": "subtitle.21sthumor.bellbong"
  },
  "bigchungussong": {
    "sounds": [
      {
        "name": "21sthumor:bigchungussong",
        "stream": true
      }
    ],
    "subtitle": "subtitle.21sthumor.bigchungussong"
  },
  "bigfart": {
    "sounds": [
      {
        "name": "21sthumor:bigfart"
      }
    ],
    "subtitle": "subtitle.21sthumor.bigfart"
  },
  "bonk": {
    "sounds": [
      {
        "name": "21sthumor:bonk"
      }
    ],
    "subtitle": "subtitle.21sthumor.bonk"
  },
  "bruh": {
    "sounds": [
      {
        "name": "21sthumor:bruh"
      }
    ],
    "subtitle": "subtitle.21sthumor.bruh"
  },
  "nawnawnaw": {
    "sounds": [
      {
        "name": "21sthumor:nawnawnaw"
      }
    ],
    "subtitle": "subtitle.21sthumor.nawnawnaw"
  },
  "nigganae": {
    "sounds": [
      {
        "name": "21sthumor:nigganae",
        "stream": true
      }
    ],
    "subtitle": "subtitle.21sthumor.nigganae"
  },
  "nokiaarabic": {
    "sounds": [
      {
        "name": "21sthumor:nokiaarabic",
        "stream": true
      }
    ],
    "subtitle": "subtitle.21sthumor.nokiaarabic"
  },
  "nukeincoming": {
    "sounds": [
      {
        "name": "21sthumor:nukeincoming",
        "stream": true
      }
    ],
    "subtitle": "subtitle.21sthumor.nukeincoming"
  },
  "runningbongo": {
    "sounds": [
      {
        "name": "21sthumor:runningbongo"
      }
    ],
    "subtitle": "subtitle.21sthumor.runningbongo"
  },
  "scaryloop": {
    "sounds": [
      {
        "name": "21sthumor:scaryloop",
        "stream": true
      }
    ],
    "subtitle": "subtitle.21sthumor.scaryloop"
  },
  "superidol105": {
    "sounds": [
      {
        "name": "21sthumor:superidol105",
        "stream": true
      }
    ],
    "subtitle": "subtitle.21sthumor.superidol105"
  },
  "vineboom": {
    "sounds": [
      {
        "name": "21sthumor:vineboom"
      }
    ],
    "subtitle": "subtitle.21sthumor.vineboom"
  },
  "what": {
    "sounds": [
      {
        "name": "21sthumor:what",
        "stream": true
      }
    ],
    "subtitle": "subtitle.21sthumor.what"
  },
  "wifianywhere": {
    "sounds": [
      {
        "name": "21sthumor:wifianywhere",
        "stream": true
      }
    ],
    "subtitle": "subtitle.21sthumor.wifianywhere"
  }
}